report,family,variant,source_triangles,target_triangles,output_triangles,seconds,rms_mm,p95_mm,max_drift_mm,surface_area_error_percent,boundary_edges,nonmanifold_edges
depth_gauge_filter_report.json,depth-gauge component filtering,depth_gauge_filter_report,4126315.0,,249999.0,,1.1927191295779664,2.3990649658844867,0.005345560218302126,0.046283280060333,14215.0,52.0
gpu-exterior-filter-005.json,GPU exterior filtering,gpu-exterior-filter-005,4126315.0,250000.0,1506378.0,29.137717699981295,0.7577431697752307,0.8112956550965623,0.00514878629718396,39.22304694139855,1581098.0,3.0
gpu-exterior-filter-open-005.json,GPU exterior filtering,gpu-exterior-filter-open-005,4126315.0,250000.0,249999.0,8.996135499910451,1.0914345484536465,2.1079447958035193,1.2131195068359375,57.43697670938322,168357.0,40.0
gpu-exterior-filter-open-05.json,GPU exterior filtering,gpu-exterior-filter-open-05,4126315.0,250000.0,250000.0,14.051701399846934,1.2221390889783197,2.4956923802843334,0.7450485229492188,1.8517823362638963,11488.0,40.0
meshmill-adaptive-probe-gpu-cavity-area-qem.json,GPU topology mutation,meshmill-adaptive-probe-gpu-cavity-area-qem,4126315.0,250000.0,249999.0,10.991472299792804,0.9431691812193304,1.7366745432377415,0.056610107421875,1.5835171407505788,14215.0,0.0
meshmill-adaptive-probe-gpu-cavity-endpoint.json,GPU topology mutation,meshmill-adaptive-probe-gpu-cavity-endpoint,4126315.0,250000.0,249999.0,8.760465999715962,1.3521880158402435,2.6446367625753746,0.2147216796875,6.7080996194162745,14215.0,0.0
meshmill-adaptive-probe-gpu-cavity-local-priority.json,GPU topology mutation,meshmill-adaptive-probe-gpu-cavity-local-priority,4126315.0,250000.0,249999.0,9.196858800074551,1.159061952868668,2.224046022689335,0.0379638671875,5.790116403183054,14215.0,0.0
meshmill-adaptive-probe-gpu-cavity-qem-optimal-r2.json,GPU topology mutation,meshmill-adaptive-probe-gpu-cavity-qem-optimal-r2,4126315.0,250000.0,249999.0,9.986337800044566,1.219854512868945,2.3714866107468295,0.07672119140625,1.9225723971646014,14215.0,0.0
meshmill-adaptive-probe-gpu-cavity-qem-optimal.json,GPU topology mutation,meshmill-adaptive-probe-gpu-cavity-qem-optimal,4126315.0,250000.0,249999.0,12.008738499716856,1.219854512868945,2.3714866107468295,0.07672119140625,1.9225723971646014,14215.0,0.0
meshmill-adaptive-probe-gpu-cavity-segment.json,GPU topology mutation,meshmill-adaptive-probe-gpu-cavity-segment,4126315.0,250000.0,249999.0,8.504333999881055,1.202948800407634,2.3154272048457556,0.01739501953125,4.033494944554117,14215.0,0.0
meshmill-adaptive-probe-gpu-cavity.json,GPU topology mutation,meshmill-adaptive-probe-gpu-cavity,4126315.0,250000.0,249999.0,8.70693550031865,1.35009328376152,2.7054044669808217,1.374755859375,15.965953174708169,5007.0,0.0
meshmill-adaptive-probe-gpu-fastqem-rules.json,GPU topology mutation,meshmill-adaptive-probe-gpu-fastqem-rules,4126315.0,250000.0,249999.0,11.014399600040633,1.275582148660128,2.462586605767852,0.257354736328125,2.140921784413652,14215.0,0.0
meshmill-adaptive-probe-gpu-histogram-qem.json,GPU topology mutation,meshmill-adaptive-probe-gpu-histogram-qem,4126315.0,250000.0,249999.0,16.63684189954074,1.1150339064103763,2.1547990572597016,0.01739501953125,1.1817281418586179,14215.0,0.0
meshmill-adaptive-probe-gpu-histogram30-qem.json,GPU topology mutation,meshmill-adaptive-probe-gpu-histogram30-qem,4126315.0,250000.0,249999.0,16.265436700428836,1.0993824786949278,2.0884257694057125,0.01739501953125,1.5507631605259142,14215.0,0.0
meshmill-adaptive-probe-gpu-persistent-qem.json,GPU topology mutation,meshmill-adaptive-probe-gpu-persistent-qem,4126315.0,250000.0,249999.0,11.980713399127126,1.335031135729741,2.5910679858414882,0.54241943359375,2.6962876084662746,14215.0,0.0
meshmill-adaptive-probe-gpu-prefilter-flips.json,GPU topology mutation,meshmill-adaptive-probe-gpu-prefilter-flips,4126315.0,250000.0,249999.0,13.247094000049401,1.28774099707624,2.514957903549215,0.58929443359375,2.0857859487935393,14215.0,0.0
meshmill-adaptive-probe-gpu-threshold-qem.json,GPU topology mutation,meshmill-adaptive-probe-gpu-threshold-qem,4126315.0,250000.0,249999.0,16.11055779963499,1.1506965495568877,2.2697011016753805,0.01739501953125,0.7979943438399584,14215.0,0.0
meshmill-adaptive-probe-qem-agg8-r2.json,adaptive probes plus global QEM,meshmill-adaptive-probe-qem-agg8-r2,4126315.0,250000.0,249999.0,10.112300999986473,1.0667988225811151,2.058616071653346,0.023364924416966915,0.12411919394259563,14215.0,48.0
meshmill-adaptive-probe-qem-agg8-r3.json,adaptive probes plus global QEM,meshmill-adaptive-probe-qem-agg8-r3,4126315.0,250000.0,249999.0,10.156223600031808,1.0667988225811151,2.058616071653346,0.023364924416966915,0.12411919394259563,14215.0,48.0
meshmill-adaptive-probe-qem-agg8.json,adaptive probes plus global QEM,meshmill-adaptive-probe-qem-agg8,4126315.0,250000.0,249999.0,10.480827499937732,1.0667988225811151,2.058616071653346,0.023364924416966915,0.12411919394259563,14215.0,48.0
meshmill-adaptive-probe-qem-v2.json,adaptive probes plus global QEM,meshmill-adaptive-probe-qem-v2,4126315.0,250000.0,249999.0,12.673363699985202,1.2348174307513127,2.529242147216892,0.02047996300240129,0.10682909014290143,14215.0,41.0
meshmill-adaptive-probe-qem.json,adaptive probes plus global QEM,meshmill-adaptive-probe-qem,4126315.0,250000.0,249999.0,14.805444400000852,1.2054165445268856,2.455415575011011,0.02886878002169624,0.11298530675631913,14215.0,46.0
meshmill-boundary-first-results.json,boundary-first GPU mutation,runs.0,4126315.0,250000.0,1392233.0,,37.02952448829679,80.57188747488516,226.6026611328125,7.612723172347935,13147.0,94789.0
meshmill-boundary-first-results.json,boundary-first GPU mutation,runs.1,4126315.0,250000.0,240860.0,,28.980052228915312,71.6577742606024,18.626953125,0.33953086330291704,10797.0,62279.0
meshmill-boundary-first-results.json,boundary-first GPU mutation,runs.2,4126315.0,250000.0,1036985.0,,12.355278061080528,29.959243827839746,5.872802734375,15.428668446718419,15181.0,108824.0
meshmill-boundary-first-v2.json,boundary-first GPU mutation,runs.0,4126315.0,250000.0,3202192.0,,13.15652302371154,36.947789948800875,63.00079345703125,0.727421654454119,10319.0,781524.0
meshmill-boundary-first-v3.json,boundary-first GPU mutation,runs.0,4126315.0,250000.0,2787643.0,,0.7911933042993115,1.8684354155211336,0.0,0.03099045869301431,14215.0,0.0
meshmill-boundary-first-v4.json,boundary-first GPU mutation,runs.0,4126315.0,250000.0,2297205.0,,0.9191629054578627,2.0666618535913144,0.0,0.04168853626491664,14215.0,0.0
meshmill-boundary-first-v4.json,boundary-first GPU mutation,runs.1,4126315.0,250000.0,2039801.0,,0.9781828079216933,2.148986197330678,0.0,0.03279105139331051,14215.0,0.0
meshmill-depth-fusion-128.json,depth fusion,runs.0,,,58814.0,2.209423699998297,4.401518972185746,7.977692424525453,4.316986083984375,97.37410301578657,70.0,91.0
meshmill-depth-gauge-14view.json,depth-gauge sampling,runs.0,4126315.0,,154901.0,0.42675809998763725,2.142344346734848,3.6688867393566964,8.64013671875,,,
meshmill-depth-gauge-14view.json,depth-gauge sampling,runs.1,4126315.0,,196334.0,0.09677400003420189,1.9005807373679902,3.2367391788133797,8.687103271484375,,,
meshmill-depth-gauge-14view.json,depth-gauge sampling,runs.2,4126315.0,,242362.0,0.10796870000194758,1.7120859423234989,2.911459062760267,8.447113037109375,,,
meshmill-depth-gauge-256.json,depth-gauge sampling,runs.0,4126315.0,,329354.0,4.181411800032947,1.4938605097214142,2.7108830112763496,0.0,,,
meshmill-depth-gauge-adaptive-exact.json,depth-gauge sampling,runs.0,4126315.0,,246272.0,2.0696249999455176,1.2336411966416843,2.22465765602054,0.500762939453125,,,
meshmill-depth-gauge-adaptive-exact.json,depth-gauge sampling,runs.1,4126315.0,,224864.0,2.0072369999834336,1.213704843599553,2.1797656180991027,0.485870361328125,,,
meshmill-depth-gauge-adaptive.json,depth-gauge sampling,runs.0,4126315.0,,197801.0,1.8012897000298835,1.4919512906991523,2.4619806606952896,0.59954833984375,,,
meshmill-depth-gauge-adaptive.json,depth-gauge sampling,runs.1,4126315.0,,168349.0,1.2539511999930255,1.470681716971812,2.501799834817713,0.7276611328125,,,
meshmill-depth-gauge-all.json,depth-gauge sampling,runs.0,4126315.0,,329354.0,0.6052519000368193,1.4938605097214142,2.7108830112763496,0.0,,,
meshmill-depth-gauge-all.json,depth-gauge sampling,runs.1,4126315.0,,742339.0,0.26312369998777285,1.0423295187262336,1.8714323301068085,0.0,,,
meshmill-depth-gauge-all.json,depth-gauge sampling,runs.2,4126315.0,,1311311.0,0.3632571999914944,0.806015658574637,1.4120175576133236,0.7276611328125,,,
meshmill-depth-gauge-best-v2.json,depth-gauge sampling,runs.0,4126315.0,,224730.0,2.581011899979785,1.213852812174397,2.1806885769985285,0.0,,,
meshmill-depth-gauge-best.json,depth-gauge sampling,runs.0,4126315.0,,224730.0,2.183079899987206,1.213853554179599,2.1806885769985285,0.485870361328125,,,
meshmill-depth-gauge-centroids.json,depth-gauge sampling,runs.0,4126315.0,,184138.0,0.45741350000025705,1.935958880061587,3.5524412384028716,0.0,,,
meshmill-depth-gauge-centroids.json,depth-gauge sampling,runs.1,4126315.0,,216458.0,0.1162328000064008,1.8056113662295223,3.3258581011715824,0.0,,,
meshmill-depth-gauge-centroids.json,depth-gauge sampling,runs.2,4126315.0,,251473.0,0.11487140000099316,1.6870998007505513,3.1094017458308993,0.0,,,
meshmill-depth-gauge-exact-hits.json,depth-gauge sampling,runs.0,4126315.0,,251367.0,1.1189454999985173,1.4726506277679827,2.7765174512072854,0.0,,,
meshmill-depth-gauge-exact-hits.json,depth-gauge sampling,runs.1,4126315.0,,329714.0,0.16647460003150627,1.316743273983175,2.478772204405518,0.3428955078125,,,
meshmill-depth-gauge-exact-hits.json,depth-gauge sampling,runs.2,4126315.0,,748326.0,0.25443080003606156,0.9215007118537986,1.6891345497101744,0.0,,,
meshmill-depth-gauge-target-search.json,depth-gauge sampling,runs.0,4126315.0,,183946.0,0.42665060004219413,1.9187191485080637,3.5110313157139355,0.0,,,
meshmill-depth-gauge-target-search.json,depth-gauge sampling,runs.1,4126315.0,,216229.0,0.07247020001523197,1.7877325596845615,3.2821390010092477,0.0,,,
meshmill-depth-gauge-target-search.json,depth-gauge sampling,runs.2,4126315.0,,251223.0,0.08183969999663532,1.6696185892672604,3.063556769847882,0.0,,,
meshmill-depth-gauge-target-search.json,depth-gauge sampling,runs.3,4126315.0,,288834.0,0.0904968999675475,1.5657624582274126,2.863582560151144,0.0,,,
meshmill-depth-prefilter-components.json,visibility and depth prefiltering,meshmill-depth-prefilter-components,4126315.0,,249999.0,,1.1927191295779664,2.3990649658844867,0.005345560218302126,0.046283280060333,14215.0,52.0
meshmill-depth-prefilter-qem.json,visibility and depth prefiltering,meshmill-depth-prefilter-qem,4126315.0,,249999.0,,1.407489981838932,2.8592025642251455,0.005345560218302126,2.837832131842666,85403.0,43.0
meshmill-gpu-cavity-debug.json,GPU cavity mutation,meshmill-gpu-cavity-debug,4126315.0,3800000.0,3929179.0,,0.07460817680317026,0.16711663345563438,0.0,0.19717824882987678,14039.0,0.0
meshmill-gpu-cavity-qem-no-global-guard.json,GPU cavity mutation,meshmill-gpu-cavity-qem-no-global-guard,4126315.0,250000.0,249999.0,,1.3605875914888161,2.7417086731782363,1.30291748046875,15.896271704673682,4919.0,0.0
meshmill-gpu-cavity-qem.json,GPU cavity mutation,meshmill-gpu-cavity-qem,4126315.0,250000.0,3929137.0,,0.07461979854528716,0.16711663345563438,0.0,0.19747770251072883,14037.0,0.0
meshmill-gpu-complete-orientation.json,complete GPU reducers,gpu,4126315.0,250000.0,3962355.0,7.226728200039361,0.06547711045593826,0.15016636383859897,0.0,0.0005186071059704034,14215.0,0.0
meshmill-gpu-complete-orientation.json,complete GPU reducers,cpu_fast_qem,4126315.0,250000.0,249999.0,10.657345000014175,1.1927191295779664,2.3990649658844867,0.005345560218302126,0.046283280060333,14215.0,52.0
meshmill-gpu-complete-safe2.json,complete GPU reducers,gpu,4126315.0,250000.0,4087011.0,1.764954099955503,0.03139254498590362,0.0,0.0,9.28190229121384e-05,14215.0,0.0
meshmill-gpu-complete-safe2.json,complete GPU reducers,cpu_fast_qem,4126315.0,250000.0,249999.0,9.727841199957766,1.1927191295779664,2.3990649658844867,0.005345560218302126,0.046283280060333,14215.0,52.0
meshmill-gpu-complete.json,complete GPU reducers,gpu,4126315.0,250000.0,249999.0,19.486362600058783,2.6929152790697337,5.929188491368197,0.05377197265625,0.6550220379456739,14215.0,0.0
meshmill-gpu-complete.json,complete GPU reducers,cpu_fast_qem,4126315.0,250000.0,249999.0,9.822299100051168,1.1927191295779664,2.3990649658844867,0.005345560218302126,0.046283280060333,14215.0,52.0
meshmill-gpu-original-results-v3.json,early GPU reducers,gpu_voxel,4126315.0,250000.0,243813.0,0.7220718000316992,0.8105321719754489,1.248878128370917,0.84649658203125,1.9214559021498268,9614.0,3297.0
meshmill-gpu-original-results-v3.json,early GPU reducers,gpu_feature_voxel,4126315.0,250000.0,1458220.0,0.2604634999879636,4.124119174538834,8.854841604758615,0.027862548828125,65787.11204438489,34005.0,390517.0
meshmill-gpu-original-results-v3.json,early GPU reducers,gpu_qem,4126315.0,250000.0,249590.0,2.976281100010965,1.5376627529940494,3.18110681820935,0.73748779296875,8.697296364148531,82659.0,31725.0
meshmill-gpu-original-results-v3.json,early GPU reducers,cpu_fast_qem,4126315.0,250000.0,249999.0,9.512109900009818,1.1927191295779664,2.3990649658844867,0.005345560218302126,0.046283280060333,14215.0,52.0
meshmill-gpu-original-results-v9.json,early GPU reducers,gpu_voxel,4126315.0,250000.0,243813.0,0.787151700060349,0.8105321719754489,1.248878128370917,0.84649658203125,1.9214559021498268,9614.0,3297.0
meshmill-gpu-original-results-v9.json,early GPU reducers,gpu_feature_voxel,4126315.0,250000.0,1458220.0,0.254674099967815,4.124119174538834,8.854841604758615,0.027862548828125,65787.11204438489,34005.0,390517.0
meshmill-gpu-original-results-v9.json,early GPU reducers,gpu_qem,4126315.0,250000.0,722687.0,67.48940560000483,1.5367605267559639,3.2350068858505807,0.39532470703125,1.1433632393982096,14215.0,0.0
meshmill-gpu-original-results-v9.json,early GPU reducers,cpu_fast_qem,4126315.0,250000.0,249999.0,9.701209099963307,1.1927191295779664,2.3990649658844867,0.005345560218302126,0.046283280060333,14215.0,52.0
meshmill-gpu-original-results.json,early GPU reducers,gpu_voxel,4126315.0,250000.0,243813.0,0.8170265000662766,0.8105321719754489,1.248878128370917,0.84649658203125,1.9214559021498268,9614.0,3297.0
meshmill-gpu-original-results.json,early GPU reducers,cpu_fast_qem,4126315.0,250000.0,249999.0,9.598036999988835,1.1927191295779664,2.3990649658844867,0.005345560218302126,0.046283280060333,14215.0,52.0
meshmill-gpu-parallel-mutation.json,parallel GPU mutation,meshmill-gpu-parallel-mutation,4126315.0,250000.0,2238741.0,,0.25132567785250987,0.4732813979431642,0.63555908203125,1.2684212048425847,14930.0,886.0
meshmill-gpu-public-algorithms.json,published GPU architectures,gpu_voxel,4126315.0,250000.0,243813.0,0.770650000020396,0.8105321719754489,1.248878128370917,0.84649658203125,1.9214559021498268,9614.0,3297.0
meshmill-gpu-public-algorithms.json,published GPU architectures,gpu_feature_voxel,4126315.0,250000.0,1458220.0,0.2565399000304751,4.124119174538834,8.854841604758615,0.027862548828125,65787.11204438489,34005.0,390517.0
meshmill-gpu-public-algorithms.json,published GPU architectures,gpu_quadric_cluster,4126315.0,250000.0,243813.0,2.1729002000647597,1.099118417364744,1.8287828651434979,0.065643310546875,44.145339982106236,9614.0,3297.0
meshmill-gpu-public-algorithms.json,published GPU architectures,gpu_qem,4126315.0,250000.0,722687.0,66.93562859983649,1.5367605267559639,3.2350068858505807,0.39532470703125,1.1433632393982096,14215.0,0.0
meshmill-gpu-public-algorithms.json,published GPU architectures,gpu_parallel_qem,4126315.0,250000.0,706682.0,25.281665600312408,1.5312937404964784,3.282358608275571,0.62127685546875,1.0916569583126146,14533.0,170.0
meshmill-gpu-public-algorithms.json,published GPU architectures,cpu_fast_qem,4126315.0,250000.0,249999.0,10.097023999958765,1.1927191295779664,2.3990649658844867,0.005345560218302126,0.046283280060333,14215.0,52.0
meshmill-gpu-sample-results-v2.json,GPU sample trials,gpu_voxel,249999.0,50000.0,48586.0,0.3804989999625832,1.626006751675236,2.571068079015874,2.0103759765625,3.6177289765996545,4349.0,2527.0
meshmill-gpu-sample-results-v2.json,GPU sample trials,gpu_feature_voxel,249999.0,50000.0,215561.0,0.899394299951382,6.8595307865922885,14.383305820285713,0.97650146484375,85410.4357447395,6128.0,28729.0
meshmill-gpu-sample-results-v2.json,GPU sample trials,cpu_fast_qem,249999.0,50000.0,49999.0,0.5569622000330128,2.25157057339383,4.5225719637502095,0.12207582258730554,0.12251480542824211,4329.0,29.0
meshmill-gpu-sample-results-v3.json,GPU sample trials,gpu_voxel,249999.0,50000.0,48586.0,0.3481957000331022,1.626006751675236,2.571068079015874,2.0103759765625,3.6177289765996545,4349.0,2527.0
meshmill-gpu-sample-results-v3.json,GPU sample trials,gpu_feature_voxel,249999.0,50000.0,215561.0,0.12517040001694113,6.8595307865922885,14.383305820285713,0.97650146484375,85410.4357447395,6128.0,28729.0
meshmill-gpu-sample-results-v3.json,GPU sample trials,gpu_qem,249999.0,50000.0,49993.0,4.6166998000699095,2.209279284612961,4.476734361672553,0.070953369140625,0.24010128618769944,4510.0,145.0
meshmill-gpu-sample-results-v3.json,GPU sample trials,cpu_fast_qem,249999.0,50000.0,49999.0,0.539854499977082,2.25157057339383,4.5225719637502095,0.12207582258730554,0.12251480542824211,4329.0,29.0
meshmill-gpu-sample-results-v4.json,GPU sample trials,gpu_voxel,249999.0,50000.0,48586.0,0.3851069999509491,1.626006751675236,2.571068079015874,2.0103759765625,3.6177289765996545,4349.0,2527.0
meshmill-gpu-sample-results-v4.json,GPU sample trials,gpu_feature_voxel,249999.0,50000.0,215561.0,0.09113929996965453,6.8595307865922885,14.383305820285713,0.97650146484375,85410.4357447395,6128.0,28729.0
meshmill-gpu-sample-results-v4.json,GPU sample trials,gpu_qem,249999.0,50000.0,249951.0,2.0090570999891497,0.008713386858514704,0.0,0.0,0.0008721761093344327,4376.0,46.0
meshmill-gpu-sample-results-v4.json,GPU sample trials,cpu_fast_qem,249999.0,50000.0,49999.0,0.6082940999767743,2.25157057339383,4.5225719637502095,0.12207582258730554,0.12251480542824211,4329.0,29.0
meshmill-gpu-sample-results-v5.json,GPU sample trials,gpu_voxel,249999.0,50000.0,48586.0,0.3578875999082811,1.626006751675236,2.571068079015874,2.0103759765625,3.6177289765996545,4349.0,2527.0
meshmill-gpu-sample-results-v5.json,GPU sample trials,gpu_feature_voxel,249999.0,50000.0,215561.0,0.09084519994212314,6.8595307865922885,14.383305820285713,0.97650146484375,85410.4357447395,6128.0,28729.0
meshmill-gpu-sample-results-v5.json,GPU sample trials,gpu_qem,249999.0,50000.0,248990.0,0.7428061999962665,0.07205320444680409,0.0,0.0,0.0008628412049294099,4379.0,45.0
meshmill-gpu-sample-results-v5.json,GPU sample trials,cpu_fast_qem,249999.0,50000.0,49999.0,0.5663402999634854,2.25157057339383,4.5225719637502095,0.12207582258730554,0.12251480542824211,4329.0,29.0
meshmill-gpu-sample-results-v6.json,GPU sample trials,gpu_voxel,249999.0,50000.0,48586.0,0.3649223999818787,1.626006751675236,2.571068079015874,2.0103759765625,3.6177289765996545,4349.0,2527.0
meshmill-gpu-sample-results-v6.json,GPU sample trials,gpu_feature_voxel,249999.0,50000.0,215561.0,0.10864569997647777,6.8595307865922885,14.383305820285713,0.97650146484375,85410.4357447395,6128.0,28729.0
meshmill-gpu-sample-results-v6.json,GPU sample trials,gpu_qem,249999.0,50000.0,248911.0,0.7030910999164917,0.07501489486614954,0.0,0.0,0.0007113712198192346,4376.0,46.0
meshmill-gpu-sample-results-v6.json,GPU sample trials,cpu_fast_qem,249999.0,50000.0,49999.0,0.5709798999596387,2.25157057339383,4.5225719637502095,0.12207582258730554,0.12251480542824211,4329.0,29.0
meshmill-gpu-sample-results-v7.json,GPU sample trials,gpu_voxel,249999.0,50000.0,48586.0,0.40704369999002665,1.626006751675236,2.571068079015874,2.0103759765625,3.6177289765996545,4349.0,2527.0
meshmill-gpu-sample-results-v7.json,GPU sample trials,gpu_feature_voxel,249999.0,50000.0,215561.0,0.09118550003040582,6.8595307865922885,14.383305820285713,0.97650146484375,85410.4357447395,6128.0,28729.0
meshmill-gpu-sample-results-v7.json,GPU sample trials,gpu_qem,249999.0,50000.0,66122.0,2.1942764999112114,2.9539230891821977,6.286113897496784,0.0,0.2554662028750432,4483.0,113.0
meshmill-gpu-sample-results-v7.json,GPU sample trials,cpu_fast_qem,249999.0,50000.0,49999.0,0.5532199000008404,2.25157057339383,4.5225719637502095,0.12207582258730554,0.12251480542824211,4329.0,29.0
meshmill-gpu-sample-results-v8.json,GPU sample trials,gpu_voxel,249999.0,50000.0,48586.0,0.3662017000024207,1.626006751675236,2.571068079015874,2.0103759765625,3.6177289765996545,4349.0,2527.0
meshmill-gpu-sample-results-v8.json,GPU sample trials,gpu_feature_voxel,249999.0,50000.0,215561.0,0.09071279998170212,6.8595307865922885,14.383305820285713,0.97650146484375,85410.4357447395,6128.0,28729.0
meshmill-gpu-sample-results-v8.json,GPU sample trials,gpu_qem,249999.0,50000.0,50000.0,6.553439800336491,3.5274036035045393,7.678593039615075,0.0,0.08596248291194986,4378.0,45.0
meshmill-gpu-sample-results-v8.json,GPU sample trials,cpu_fast_qem,249999.0,50000.0,49999.0,0.5837200999958441,2.25157057339383,4.5225719637502095,0.12207582258730554,0.12251480542824211,4329.0,29.0
meshmill-gpu-sample-results-v9.json,GPU sample trials,gpu_voxel,249999.0,50000.0,48586.0,0.3764021000242792,1.626006751675236,2.571068079015874,2.0103759765625,3.6177289765996545,4349.0,2527.0
meshmill-gpu-sample-results-v9.json,GPU sample trials,gpu_feature_voxel,249999.0,50000.0,215561.0,0.09155860007740557,6.8595307865922885,14.383305820285713,0.97650146484375,85410.4357447395,6128.0,28729.0
meshmill-gpu-sample-results-v9.json,GPU sample trials,gpu_qem,249999.0,50000.0,50000.0,7.157170200080145,3.4591796502291556,7.596008905619789,0.032012939453125,0.05494264108736324,4378.0,45.0
meshmill-gpu-sample-results-v9.json,GPU sample trials,cpu_fast_qem,249999.0,50000.0,49999.0,0.5472706000437029,2.25157057339383,4.5225719637502095,0.12207582258730554,0.12251480542824211,4329.0,29.0
meshmill-gpu-sample-results.json,GPU sample trials,gpu_voxel,249999.0,50000.0,48586.0,1.1877341999788769,1.626006751675236,2.571068079015874,2.0103759765625,3.6177289765996545,4349.0,2527.0
meshmill-gpu-sample-results.json,GPU sample trials,cpu_fast_qem,249999.0,50000.0,49999.0,0.634029200009536,2.25157057339383,4.5225719637502095,0.12207582258730554,0.12251480542824211,4329.0,29.0
meshmill-gpu-vertex-matching-relaxed.json,GPU vertex matching,meshmill-gpu-vertex-matching-relaxed,4126315.0,250000.0,4086972.0,,0.03153038025412029,0.0,0.0,0.0071722543418140106,14235.0,13.0
meshmill-gpu-vertex-matching.json,GPU vertex matching,meshmill-gpu-vertex-matching,4126315.0,250000.0,4086966.0,,0.031305179723797434,0.0,0.0,0.0009104916925517514,14241.0,13.0
meshmill-probe-budget-qem.json,probe-weighted QEM,meshmill-probe-budget-qem,4126315.0,250000.0,250000.0,61.09628459997475,1.2591348005054108,2.4557671577500813,0.123565673828125,0.15002570552777872,13626.0,30.0
meshmill-probe-partition-qem-v2.json,partitioned probe QEM,meshmill-probe-partition-qem-v2,4126315.0,250000.0,250000.0,26.536284400033765,1.735284741533385,3.457335650124476,0.01757049560546875,0.18179325929099655,14242.0,35.0
meshmill-probe-partition-qem.json,partitioned probe QEM,meshmill-probe-partition-qem,4126315.0,250000.0,690124.0,25.50138109998079,1.393457221873563,2.8186248960982563,0.017578125,0.19082278335180725,14242.0,34.0
meshmill-surface-guided-qem.json,surface-guided QEM,meshmill-surface-guided-qem,4126315.0,250000.0,250000.0,78.92651879996993,1.3385123876082625,2.6943542276273087,0.04656982421875,0.06544485290957969,14223.0,43.0
meshmill-trajectory-dust-qem-cap005.json,surface-trajectory QEM,meshmill-trajectory-dust-qem-cap005,4126315.0,250000.0,249999.0,25.810212899988983,1.1207689013457454,2.1525742718573024,0.0177001953125,0.06805694648264193,14215.0,46.0
meshmill-trajectory-dust-qem.json,surface-trajectory QEM,meshmill-trajectory-dust-qem,4126315.0,250000.0,249999.0,26.3578925000038,1.1774760066790102,2.262920761654536,0.01337909850650476,0.22715799624259958,14215.0,52.0
meshmill-trajectory-prefilter-qem.json,surface-trajectory QEM,meshmill-trajectory-prefilter-qem,4126315.0,250000.0,249999.0,27.504889099975117,1.2870642232540606,2.6011618744446245,0.0985107421875,0.15352834786994674,14215.0,46.0
meshmill-trajectory-qem-agg10.json,surface-trajectory QEM,meshmill-trajectory-qem-agg10,4126315.0,250000.0,249999.0,24.751533100032248,0.944568490793109,1.7205716102312294,0.0177001953125,0.2979881686546948,14215.0,69.0
meshmill-trajectory-qem-agg7.json,surface-trajectory QEM,meshmill-trajectory-qem-agg7,4126315.0,250000.0,249999.0,24.50438989995746,1.1210684330130722,2.1572228911302096,0.0177001953125,0.07219370326889685,14215.0,55.0
meshmill-trajectory-qem-agg8.json,surface-trajectory QEM,meshmill-trajectory-qem-agg8,4126315.0,250000.0,249999.0,24.771477200032678,1.0302030025611548,1.943593067783362,0.03309356756642501,0.08193534198970287,14215.0,52.0
meshmill-trajectory-qem-agg9.json,surface-trajectory QEM,meshmill-trajectory-qem-agg9,4126315.0,250000.0,249999.0,23.995489199995063,0.9598697345465297,1.75896642944608,0.0177001953125,0.15585623043035124,14215.0,67.0
controlled-production-baselines,controlled production comparison,Fast QEM,4126315,250000,249999,9.826811600010842,1.17212039004189,2.3504494917645156,0.69866943359375,0.39930760596430526,4329,54
controlled-production-baselines,controlled production comparison,Density balanced,4126315,250000,249999,11.438541200011969,1.2040588916990353,2.434060915796535,0.003021240234375,0.040547271705393406,14215,52
controlled-production-baselines,controlled production comparison,Shape preserving,4126315,250000,250000,56.403819099999964,1.1933409907829748,2.3322615808033516,0.000946044921875,0.049105991454978515,10892,26
controlled-production-baselines,controlled production comparison,Preserve topology,4126315,250000,249999,35.65586870000698,3.167241776050814,6.826568111768068,0.0,0.07092613403296699,14215,5
